{
	"credit": "Made by JustLian (www.justlian.com)",
	"texture_size": [
		32,
		32
	],
	"textures": {
		"0": "./glaive",
		"particle": "./glaive"
	},
	"elements": [
		{
			"from": [
				7.35,
				0,
				7.25
			],
			"to": [
				8.65,
				6,
				8.75
			],
			"faces": {
				"north": {
					"uv": [
						3,
						3,
						3.75,
						6
					],
					"texture": "#0"
				},
				"east": {
					"uv": [
						3,
						3,
						3.75,
						6
					],
					"texture": "#0"
				},
				"south": {
					"uv": [
						0,
						3.5,
						0.75,
						6.5
					],
					"texture": "#0"
				},
				"west": {
					"uv": [
						0,
						3.5,
						0.75,
						6.5
					],
					"texture": "#0"
				},
				"up": {
					"uv": [
						7.25,
						4.75,
						6.5,
						4
					],
					"texture": "#0"
				},
				"down": {
					"uv": [
						7.25,
						5,
						6.5,
						5.75
					],
					"texture": "#0"
				}
			}
		},
		{
			"from": [
				7.1,
				6,
				7.25
			],
			"to": [
				8.9,
				6.25,
				8.75
			],
			"faces": {
				"north": {
					"uv": [
						8,
						8.5,
						9,
						8.75
					],
					"texture": "#0"
				},
				"east": {
					"uv": [
						9,
						3,
						9.75,
						3.25
					],
					"texture": "#0"
				},
				"south": {
					"uv": [
						8.5,
						8,
						9.5,
						8.25
					],
					"texture": "#0"
				},
				"west": {
					"uv": [
						9,
						3.5,
						9.75,
						3.75
					],
					"texture": "#0"
				},
				"up": {
					"uv": [
						3,
						6.75,
						2,
						6
					],
					"texture": "#0"
				},
				"down": {
					"uv": [
						4,
						6,
						3,
						6.75
					],
					"texture": "#0"
				}
			}
		},
		{
			"from": [
				7.35,
				6.25,
				7.25
			],
			"to": [
				8.65,
				6.5,
				8.75
			],
			"faces": {
				"north": {
					"uv": [
						4,
						9,
						4.75,
						9.25
					],
					"texture": "#0"
				},
				"east": {
					"uv": [
						9,
						4,
						9.75,
						4.25
					],
					"texture": "#0"
				},
				"south": {
					"uv": [
						9,
						4.5,
						9.75,
						4.75
					],
					"texture": "#0"
				},
				"west": {
					"uv": [
						5,
						9,
						5.75,
						9.25
					],
					"texture": "#0"
				},
				"up": {
					"uv": [
						6.75,
						7.25,
						6,
						6.5
					],
					"texture": "#0"
				},
				"down": {
					"uv": [
						7.75,
						0,
						7,
						0.75
					],
					"texture": "#0"
				}
			}
		},
		{
			"from": [
				8.3,
				6.475,
				7.275
			],
			"to": [
				8.55,
				7.775,
				8.7
			],
			"rotation": {
				"angle": -45,
				"axis": "z",
				"origin": [
					8.35,
					6.25,
					0
				]
			},
			"faces": {
				"north": {
					"uv": [
						6,
						9,
						6.25,
						9.75
					],
					"texture": "#0"
				},
				"east": {
					"uv": [
						7,
						1,
						7.75,
						1.75
					],
					"texture": "#0"
				},
				"south": {
					"uv": [
						6.5,
						9,
						6.75,
						9.75
					],
					"texture": "#0"
				},
				"west": {
					"uv": [
						7,
						2,
						7.75,
						2.75
					],
					"texture": "#0"
				},
				"up": {
					"uv": [
						7.25,
						9.75,
						7,
						9
					],
					"texture": "#0"
				},
				"down": {
					"uv": [
						7.75,
						9,
						7.5,
						9.75
					],
					"texture": "#0"
				}
			}
		},
		{
			"from": [
				6.125,
				6.05,
				7.275
			],
			"to": [
				7.425,
				6.3,
				8.7
			],
			"rotation": {
				"angle": -45,
				"axis": "z",
				"origin": [
					7.65,
					6.25,
					0
				]
			},
			"faces": {
				"north": {
					"uv": [
						9,
						7.5,
						9.75,
						7.75
					],
					"texture": "#0"
				},
				"east": {
					"uv": [
						8,
						9,
						8.75,
						9.25
					],
					"texture": "#0"
				},
				"south": {
					"uv": [
						9,
						8.5,
						9.75,
						8.75
					],
					"texture": "#0"
				},
				"west": {
					"uv": [
						9,
						9,
						9.75,
						9.25
					],
					"texture": "#0"
				},
				"up": {
					"uv": [
						7.75,
						6.75,
						7,
						6
					],
					"texture": "#0"
				},
				"down": {
					"uv": [
						7.75,
						7,
						7,
						7.75
					],
					"texture": "#0"
				}
			}
		},
		{
			"from": [
				7,
				6.5,
				7.5
			],
			"to": [
				8.975,
				8.75,
				8.5
			],
			"faces": {
				"north": {
					"uv": [
						2,
						5,
						3,
						6
					],
					"texture": "#0"
				},
				"east": {
					"uv": [
						7.5,
						4,
						8,
						5
					],
					"texture": "#0"
				},
				"south": {
					"uv": [
						5,
						4,
						6,
						5
					],
					"texture": "#0"
				},
				"west": {
					"uv": [
						7.5,
						5,
						8,
						6
					],
					"texture": "#0"
				},
				"up": {
					"uv": [
						7,
						8,
						6,
						7.5
					],
					"texture": "#0"
				},
				"down": {
					"uv": [
						9,
						0,
						8,
						0.5
					],
					"texture": "#0"
				}
			}
		},
		{
			"from": [
				6.9,
				8.75,
				7.5
			],
			"to": [
				9.075,
				11.45,
				8.5
			],
			"faces": {
				"north": {
					"uv": [
						2,
						3.5,
						3,
						4.75
					],
					"texture": "#0"
				},
				"east": {
					"uv": [
						1,
						6.5,
						1.5,
						7.75
					],
					"texture": "#0"
				},
				"south": {
					"uv": [
						4,
						4,
						5,
						5.25
					],
					"texture": "#0"
				},
				"west": {
					"uv": [
						1.5,
						6.5,
						2,
						7.75
					],
					"texture": "#0"
				},
				"up": {
					"uv": [
						9,
						1,
						8,
						0.5
					],
					"texture": "#0"
				},
				"down": {
					"uv": [
						2,
						8,
						1,
						8.5
					],
					"texture": "#0"
				}
			}
		},
		{
			"from": [
				6.9,
				11.45,
				7.75
			],
			"to": [
				9.075,
				12.4,
				8.25
			],
			"faces": {
				"north": {
					"uv": [
						8,
						1,
						9,
						1.5
					],
					"texture": "#0"
				},
				"east": {
					"uv": [
						0,
						9.5,
						0.25,
						10
					],
					"texture": "#0"
				},
				"south": {
					"uv": [
						8,
						1.5,
						9,
						2
					],
					"texture": "#0"
				},
				"west": {
					"uv": [
						0.5,
						9.5,
						0.75,
						10
					],
					"texture": "#0"
				},
				"up": {
					"uv": [
						10,
						0.25,
						9,
						0
					],
					"texture": "#0"
				},
				"down": {
					"uv": [
						10,
						0.5,
						9,
						0.75
					],
					"texture": "#0"
				}
			}
		},
		{
			"from": [
				6.7,
				12.4,
				7.8
			],
			"to": [
				9.275,
				15.95,
				8.2
			],
			"faces": {
				"north": {
					"uv": [
						4,
						0,
						5.25,
						1.75
					],
					"texture": "#0"
				},
				"east": {
					"uv": [
						8,
						3,
						8.25,
						4.75
					],
					"texture": "#0"
				},
				"south": {
					"uv": [
						4,
						2,
						5.25,
						3.75
					],
					"texture": "#0"
				},
				"west": {
					"uv": [
						8,
						5,
						8.25,
						6.75
					],
					"texture": "#0"
				},
				"up": {
					"uv": [
						6.25,
						8.75,
						5,
						8.5
					],
					"texture": "#0"
				},
				"down": {
					"uv": [
						9.75,
						6,
						8.5,
						6.25
					],
					"texture": "#0"
				}
			}
		},
		{
			"from": [
				6.6,
				15.95,
				7.875
			],
			"to": [
				9.375,
				22.225,
				8.125
			],
			"faces": {
				"north": {
					"uv": [
						0,
						0,
						1.5,
						3.25
					],
					"texture": "#0"
				},
				"east": {
					"uv": [
						5,
						5,
						5.25,
						8.25
					],
					"texture": "#0"
				},
				"south": {
					"uv": [
						1.5,
						0,
						3,
						3.25
					],
					"texture": "#0"
				},
				"west": {
					"uv": [
						5.5,
						0,
						5.75,
						3.25
					],
					"texture": "#0"
				},
				"up": {
					"uv": [
						7.5,
						8.25,
						6,
						8
					],
					"texture": "#0"
				},
				"down": {
					"uv": [
						9.5,
						7,
						8,
						7.25
					],
					"texture": "#0"
				}
			}
		},
		{
			"from": [
				6.975,
				22.225,
				7.925
			],
			"to": [
				9.375,
				23.15,
				8.05
			],
			"faces": {
				"north": {
					"uv": [
						6.5,
						3,
						7.75,
						3.5
					],
					"texture": "#0"
				},
				"east": {
					"uv": [
						2,
						9.5,
						2.25,
						10
					],
					"texture": "#0"
				},
				"south": {
					"uv": [
						6.5,
						3.5,
						7.75,
						4
					],
					"texture": "#0"
				},
				"west": {
					"uv": [
						9.5,
						2,
						9.75,
						2.5
					],
					"texture": "#0"
				},
				"up": {
					"uv": [
						7.75,
						8.75,
						6.5,
						8.5
					],
					"texture": "#0"
				},
				"down": {
					"uv": [
						9.75,
						6.5,
						8.5,
						6.75
					],
					"texture": "#0"
				}
			}
		},
		{
			"from": [
				7.375,
				23.15,
				7.925
			],
			"to": [
				9.375,
				24.075,
				8.05
			],
			"faces": {
				"north": {
					"uv": [
						8,
						2,
						9,
						2.5
					],
					"texture": "#0"
				},
				"east": {
					"uv": [
						2.5,
						9.5,
						2.75,
						10
					],
					"texture": "#0"
				},
				"south": {
					"uv": [
						8,
						2.5,
						9,
						3
					],
					"texture": "#0"
				},
				"west": {
					"uv": [
						9.5,
						2.5,
						9.75,
						3
					],
					"texture": "#0"
				},
				"up": {
					"uv": [
						10,
						1.25,
						9,
						1
					],
					"texture": "#0"
				},
				"down": {
					"uv": [
						10,
						1.5,
						9,
						1.75
					],
					"texture": "#0"
				}
			}
		},
		{
			"from": [
				7.75,
				24.075,
				7.925
			],
			"to": [
				9.375,
				25.025,
				8.05
			],
			"faces": {
				"north": {
					"uv": [
						7.5,
						8,
						8.25,
						8.5
					],
					"texture": "#0"
				},
				"east": {
					"uv": [
						3,
						9.5,
						3.25,
						10
					],
					"texture": "#0"
				},
				"south": {
					"uv": [
						8,
						7.5,
						8.75,
						8
					],
					"texture": "#0"
				},
				"west": {
					"uv": [
						3.5,
						9.5,
						3.75,
						10
					],
					"texture": "#0"
				},
				"up": {
					"uv": [
						9.75,
						5.25,
						9,
						5
					],
					"texture": "#0"
				},
				"down": {
					"uv": [
						9.75,
						5.5,
						9,
						5.75
					],
					"texture": "#0"
				}
			}
		},
		{
			"from": [
				8.15,
				25.025,
				7.925
			],
			"to": [
				9.375,
				25.975,
				8.05
			],
			"faces": {
				"north": {
					"uv": [
						5.5,
						3.5,
						6,
						4
					],
					"texture": "#0"
				},
				"east": {
					"uv": [
						4,
						9.5,
						4.25,
						10
					],
					"texture": "#0"
				},
				"south": {
					"uv": [
						6.5,
						6,
						7,
						6.5
					],
					"texture": "#0"
				},
				"west": {
					"uv": [
						4.5,
						9.5,
						4.75,
						10
					],
					"texture": "#0"
				},
				"up": {
					"uv": [
						5.5,
						9.75,
						5,
						9.5
					],
					"texture": "#0"
				},
				"down": {
					"uv": [
						6,
						9.5,
						5.5,
						9.75
					],
					"texture": "#0"
				}
			}
		},
		{
			"from": [
				8.55,
				25.975,
				7.925
			],
			"to": [
				9.375,
				26.925,
				8.05
			],
			"faces": {
				"north": {
					"uv": [
						9,
						2,
						9.5,
						2.5
					],
					"texture": "#0"
				},
				"east": {
					"uv": [
						9.5,
						7,
						9.75,
						7.5
					],
					"texture": "#0"
				},
				"south": {
					"uv": [
						9,
						2.5,
						9.5,
						3
					],
					"texture": "#0"
				},
				"west": {
					"uv": [
						8,
						9.5,
						8.25,
						10
					],
					"texture": "#0"
				},
				"up": {
					"uv": [
						10,
						8.25,
						9.5,
						8
					],
					"texture": "#0"
				},
				"down": {
					"uv": [
						9,
						9.5,
						8.5,
						9.75
					],
					"texture": "#0"
				}
			}
		},
		{
			"from": [
				8.925,
				26.925,
				7.925
			],
			"to": [
				9.375,
				27.875,
				8.05
			],
			"faces": {
				"north": {
					"uv": [
						9,
						9.5,
						9.25,
						10
					],
					"texture": "#0"
				},
				"east": {
					"uv": [
						9.5,
						9.5,
						9.75,
						10
					],
					"texture": "#0"
				},
				"south": {
					"uv": [
						0,
						10,
						0.25,
						10.5
					],
					"texture": "#0"
				},
				"west": {
					"uv": [
						10,
						0,
						10.25,
						0.5
					],
					"texture": "#0"
				},
				"up": {
					"uv": [
						1.75,
						10.25,
						1.5,
						10
					],
					"texture": "#0"
				},
				"down": {
					"uv": [
						10.25,
						1.5,
						10,
						1.75
					],
					"texture": "#0"
				}
			}
		},
		{
			"from": [
				9.3,
				22.225,
				7.925
			],
			"to": [
				9.375,
				28,
				8.05
			],
			"faces": {
				"north": {
					"uv": [
						6,
						3.5,
						6.25,
						6.5
					],
					"texture": "#0"
				},
				"east": {
					"uv": [
						0,
						6.5,
						0.25,
						9.5
					],
					"texture": "#0"
				},
				"south": {
					"uv": [
						6.5,
						0,
						6.75,
						3
					],
					"texture": "#0"
				},
				"west": {
					"uv": [
						0.5,
						6.5,
						0.75,
						9.5
					],
					"texture": "#0"
				},
				"up": {
					"uv": [
						1.25,
						10.25,
						1,
						10
					],
					"texture": "#0"
				},
				"down": {
					"uv": [
						10.25,
						1,
						10,
						1.25
					],
					"texture": "#0"
				}
			}
		},
		{
			"from": [
				6.6,
				22.225,
				7.9
			],
			"to": [
				6.975,
				28.55,
				8.075
			],
			"rotation": {
				"angle": 0,
				"axis": "x",
				"origin": [
					6.775,
					22.225,
					0
				]
			},
			"rotated": [
				0,
				0,
				-22.5
			],
			"faces": {
				"north": {
					"uv": [
						4,
						5.5,
						4.25,
						8.75
					],
					"texture": "#0"
				},
				"east": {
					"uv": [
						4.5,
						5.5,
						4.75,
						8.75
					],
					"texture": "#0"
				},
				"south": {
					"uv": [
						5.5,
						5,
						5.75,
						8.25
					],
					"texture": "#0"
				},
				"west": {
					"uv": [
						6,
						0,
						6.25,
						3.25
					],
					"texture": "#0"
				},
				"up": {
					"uv": [
						0.75,
						10.25,
						0.5,
						10
					],
					"texture": "#0"
				},
				"down": {
					"uv": [
						10.25,
						0.5,
						10,
						0.75
					],
					"texture": "#0"
				}
			}
		},
		{
			"from": [
				8.575,
				8.625,
				7.825
			],
			"to": [
				9.1,
				12.95,
				8.175
			],
			"rotation": {
				"angle": -22.5,
				"axis": "z",
				"origin": [
					9.35,
					8.75,
					0
				]
			},
			"faces": {
				"north": {
					"uv": [
						2,
						7,
						2.25,
						9.25
					],
					"texture": "#0"
				},
				"east": {
					"uv": [
						2.5,
						7,
						2.75,
						9.25
					],
					"texture": "#0"
				},
				"south": {
					"uv": [
						3,
						7,
						3.25,
						9.25
					],
					"texture": "#0"
				},
				"west": {
					"uv": [
						3.5,
						7,
						3.75,
						9.25
					],
					"texture": "#0"
				},
				"up": {
					"uv": [
						2.25,
						10.25,
						2,
						10
					],
					"texture": "#0"
				},
				"down": {
					"uv": [
						10.25,
						2,
						10,
						2.25
					],
					"texture": "#0"
				}
			}
		},
		{
			"from": [
				8.65,
				12.975,
				7.9
			],
			"to": [
				9,
				16,
				8.1
			],
			"rotation": {
				"angle": -22.5,
				"axis": "z",
				"origin": [
					9.35,
					8.75,
					0
				]
			},
			"faces": {
				"north": {
					"uv": [
						1,
						8.5,
						1.25,
						10
					],
					"texture": "#0"
				},
				"east": {
					"uv": [
						1.5,
						8.5,
						1.75,
						10
					],
					"texture": "#0"
				},
				"south": {
					"uv": [
						8.5,
						3,
						8.75,
						4.5
					],
					"texture": "#0"
				},
				"west": {
					"uv": [
						8.5,
						4.5,
						8.75,
						6
					],
					"texture": "#0"
				},
				"up": {
					"uv": [
						2.75,
						10.25,
						2.5,
						10
					],
					"texture": "#0"
				},
				"down": {
					"uv": [
						10.25,
						2.5,
						10,
						2.75
					],
					"texture": "#0"
				}
			}
		}
	],
	"display": {
		"thirdperson_righthand": {
			"rotation": [
				0,
				-90,
				0
			],
			"translation": [
				0,
				3.25,
				1.75
			]
		},
		"thirdperson_lefthand": {
			"rotation": [
				4,
				90,
				0
			],
			"translation": [
				0,
				3,
				2.5
			]
		},
		"firstperson_righthand": {
			"rotation": [
				0,
				-90,
				0
			],
			"translation": [
				1.75,
				2.25,
				0
			]
		},
		"firstperson_lefthand": {
			"rotation": [
				0,
				90,
				0
			],
			"translation": [
				2,
				2.5,
				0
			]
		},
		"ground": {
			"rotation": [
				63,
				43,
				0
			],
			"translation": [
				-1,
				2.5,
				-3.25
			]
		},
		"gui": {
			"rotation": [
				0,
				-180,
				45
			],
			"translation": [
				-4,
				-3.75,
				0
			]
		},
		"head": {
			"rotation": [
				-101,
				-90,
				120
			],
			"translation": [
				0.25,
				10,
				-8.5
			]
		},
		"fixed": {
			"rotation": [
				0,
				0,
				45
			],
			"translation": [
				3.75,
				-4,
				0
			]
		}
	},
	"groups": [
		{
			"name": "handle",
			"origin": [
				8,
				8,
				8
			],
			"color": 0,
			"children": [
				{
					"name": "group",
					"origin": [
						8,
						8,
						8
					],
					"color": 0,
					"children": [
						0,
						1,
						2
					]
				},
				{
					"name": "group",
					"origin": [
						8,
						8,
						8
					],
					"color": 0,
					"children": [
						3,
						4
					]
				}
			]
		},
		{
			"name": "blade-1",
			"origin": [
				8,
				8,
				8
			],
			"color": 0,
			"children": [
				5,
				6,
				7,
				8,
				9,
				10,
				11,
				12,
				13,
				14,
				15,
				16,
				17
			]
		},
		{
			"name": "balde-2",
			"origin": [
				8,
				8,
				8
			],
			"color": 0,
			"children": [
				18,
				19
			]
		}
	]
}