{
	"credit": "Made by JustLian (www.justlian.com)",
	"texture_size": [32, 32],
	"textures": {
		"0": "./scythe",
		"particle": "./scythe"
	},
	"elements": [
		{
			"from": [7.2, 0, 7.2],
			"to": [8.8, 18, 8.8],
			"faces": {
				"north": {"uv": [1.5, 0, 2.5, 9], "texture": "#0"},
				"east": {"uv": [1.5, 0, 2.5, 9], "texture": "#0"},
				"south": {"uv": [1.5, 0, 2.5, 9], "texture": "#0"},
				"west": {"uv": [1.5, 0, 2.5, 9], "texture": "#0"},
				"up": {"uv": [10, 8, 9, 7], "texture": "#0"},
				"down": {"uv": [1, 9.5, 0, 10.5], "texture": "#0"}
			}
		},
		{
			"from": [7.425, 17.425, 7.3],
			"to": [8.825, 24.925, 8.7],
			"rotation": {"angle": -45, "axis": "z", "origin": [8, 18, 0]},
			"faces": {
				"north": {"uv": [6, 8.5, 6.5, 12.5], "texture": "#0"},
				"east": {"uv": [6, 8.5, 6.5, 12.5], "texture": "#0"},
				"south": {"uv": [6, 8.5, 6.5, 12.5], "texture": "#0"},
				"west": {"uv": [6, 8.5, 6.5, 12.5], "texture": "#0"},
				"up": {"uv": [2, 10, 1.5, 9.5], "texture": "#0"},
				"down": {"uv": [3, 9.5, 2.5, 10], "texture": "#0"}
			}
		},
		{
			"from": [4.95, 22.275, 7.65],
			"to": [13.45, 23.575, 8.35],
			"rotation": {"angle": 0, "axis": "z", "origin": [8, 18, 0]},
			"faces": {
				"north": {"uv": [6, 0, 10.5, 0.5], "texture": "#0"},
				"east": {"uv": [3.5, 9.5, 4, 10], "texture": "#0"},
				"south": {"uv": [6, 1, 10.5, 1.5], "texture": "#0"},
				"west": {"uv": [4.5, 9.5, 5, 10], "texture": "#0"},
				"up": {"uv": [10.5, 2.5, 6, 2], "texture": "#0"},
				"down": {"uv": [10.5, 3, 6, 3.5], "texture": "#0"}
			}
		},
		{
			"from": [5.05, 23.175, 7.75],
			"to": [9.8, 24.075, 8.25],
			"rotation": {"angle": 45, "axis": "z", "origin": [8, 18, 0]},
			"faces": {
				"north": {"uv": [7, 8.5, 9.5, 9], "texture": "#0"},
				"east": {"uv": [7, 9.5, 7.5, 10], "texture": "#0"},
				"south": {"uv": [9, 4, 11.5, 4.5], "texture": "#0"},
				"west": {"uv": [8, 9.5, 8.5, 10], "texture": "#0"},
				"up": {"uv": [11.5, 5.5, 9, 5], "texture": "#0"},
				"down": {"uv": [11.5, 6, 9, 6.5], "texture": "#0"}
			}
		}
	],
	"display": {
		"thirdperson_righthand": {
			"rotation": [-3, -63, -13],
			"translation": [0.75, 2.5, 3.25]
		},
		"thirdperson_lefthand": {
			"rotation": [7, 131, 2],
			"translation": [0, 1.75, 1.75]
		},
		"firstperson_righthand": {
			"rotation": [6, -103, 1],
			"translation": [0, -0.75, 0]
		},
		"firstperson_lefthand": {
			"rotation": [0, 79, 0],
			"translation": [1.75, -0.75, 0]
		},
		"ground": {
			"rotation": [56, -26, 0],
			"translation": [0, 2.25, 0]
		},
		"gui": {
			"rotation": [0, 0, -45],
			"translation": [-3.25, -3, 0],
			"scale": [0.8, 0.8, 0.8]
		},
		"fixed": {
			"rotation": [0, 0, 45],
			"translation": [3.75, -4.25, -0.25]
		}
	},
	"groups": [
		{
			"name": "handle",
			"origin": [8, 8, 8],
			"color": 0,
			"children": [0, 1]
		},
		{
			"name": "blade",
			"origin": [8, 18, 0],
			"color": 0,
			"children": [2, 3]
		}
	]
}