{
	"credit": "Made with Blockbench",
	"textures": {
		"1": "./netherite_spear",
		"particle": "./netherite_spear"
	},
	"elements": [
		{
			"from": [
				8,
				0,
				7.005
			],
			"to": [
				9,
				24,
				8.005
			],
			"faces": {
				"north": {
					"uv": [
						12,
						0,
						13,
						16
					],
					"texture": "#1"
				},
				"east": {
					"uv": [
						15,
						0,
						16,
						16
					],
					"texture": "#1"
				},
				"south": {
					"uv": [
						13,
						0,
						14,
						16
					],
					"texture": "#1"
				},
				"west": {
					"uv": [
						14,
						0,
						15,
						16
					],
					"texture": "#1"
				},
				"up": {
					"uv": [
						1,
						1,
						2,
						2
					],
					"texture": "#1"
				},
				"down": {
					"uv": [
						0,
						0,
						1,
						1
					],
					"texture": "#1"
				}
			}
		},
		{
			"from": [
				7.75,
				8,
				6.75
			],
			"to": [
				9.25,
				12.4,
				8.25
			],
			"faces": {
				"north": {
					"uv": [
						0,
						7,
						1.5,
						11.4
					],
					"texture": "#1"
				},
				"east": {
					"uv": [
						3,
						11.6,
						4.5,
						16
					],
					"texture": "#1"
				},
				"south": {
					"uv": [
						0,
						11.6,
						1.5,
						16
					],
					"texture": "#1"
				},
				"west": {
					"uv": [
						1.5,
						11.6,
						3,
						16
					],
					"texture": "#1"
				},
				"up": {
					"uv": [
						1.5,
						9.2,
						3,
						10.7
					],
					"texture": "#1"
				},
				"down": {
					"uv": [
						4.5,
						14.5,
						6,
						16
					],
					"texture": "#1"
				}
			}
		},
		{
			"from": [
				7.7,
				21,
				6.75
			],
			"to": [
				9.2,
				22.6,
				8.25
			],
			"faces": {
				"north": {
					"uv": [
						9,
						4.4,
						10.5,
						6
					],
					"texture": "#1"
				},
				"east": {
					"uv": [
						9,
						12.2,
						10.5,
						13.8
					],
					"texture": "#1"
				},
				"south": {
					"uv": [
						9,
						10.6,
						10.5,
						12.2
					],
					"texture": "#1"
				},
				"west": {
					"uv": [
						9,
						9,
						10.5,
						10.6
					],
					"texture": "#1"
				},
				"up": {
					"uv": [
						9,
						7.5,
						10.5,
						9
					],
					"texture": "#1"
				},
				"down": {
					"uv": [
						9,
						6,
						10.5,
						7.5
					],
					"texture": "#1"
				}
			}
		},
		{
			"from": [
				6.8,
				20.4,
				6.75
			],
			"to": [
				10.3,
				21,
				8.25
			],
			"faces": {
				"north": {
					"uv": [
						9,
						0,
						10.5,
						1.6
					],
					"texture": "#1"
				},
				"east": {
					"uv": [
						6,
						0.2,
						7.5,
						1.8
					],
					"texture": "#1"
				},
				"south": {
					"uv": [
						9,
						14.4,
						10.5,
						16
					],
					"texture": "#1"
				},
				"west": {
					"uv": [
						6.5,
						4.4,
						8,
						6
					],
					"texture": "#1"
				},
				"up": {
					"uv": [
						6,
						0.9,
						7.5,
						2.4
					],
					"texture": "#1"
				},
				"down": {
					"uv": [
						9,
						2,
						10.5,
						3.5
					],
					"texture": "#1"
				}
			}
		},
		{
			"from": [
				5.8,
				20.4,
				6.75
			],
			"to": [
				8.3,
				21,
				8.25
			],
			"rotation": {
				"angle": 45,
				"axis": "z",
				"origin": [
					8.5,
					21,
					8
				]
			},
			"faces": {
				"north": {
					"uv": [
						0,
						4.4,
						1.5,
						6
					],
					"texture": "#1"
				},
				"east": {
					"uv": [
						2,
						0,
						3.5,
						1.6
					],
					"texture": "#1"
				},
				"south": {
					"uv": [
						2,
						1.6,
						3.5,
						3.2
					],
					"texture": "#1"
				},
				"west": {
					"uv": [
						2,
						7,
						3.5,
						8.6
					],
					"texture": "#1"
				},
				"up": {
					"uv": [
						2,
						5.5,
						3.5,
						7
					],
					"texture": "#1"
				},
				"down": {
					"uv": [
						2,
						4,
						3.5,
						5.5
					],
					"texture": "#1"
				}
			}
		},
		{
			"from": [
				8.8,
				20.4,
				6.75
			],
			"to": [
				11.3,
				21,
				8.25
			],
			"rotation": {
				"angle": -45,
				"axis": "z",
				"origin": [
					8.5,
					21,
					8
				]
			},
			"faces": {
				"north": {
					"uv": [
						4,
						0,
						5.5,
						1.6
					],
					"texture": "#1"
				},
				"east": {
					"uv": [
						4,
						8.2,
						5.5,
						9.8
					],
					"texture": "#1"
				},
				"south": {
					"uv": [
						4,
						6.6,
						5.5,
						8.2
					],
					"texture": "#1"
				},
				"west": {
					"uv": [
						4,
						5,
						5.5,
						6.6
					],
					"texture": "#1"
				},
				"up": {
					"uv": [
						4,
						3.5,
						5.5,
						5
					],
					"texture": "#1"
				},
				"down": {
					"uv": [
						4,
						2,
						5.5,
						3.5
					],
					"texture": "#1"
				}
			}
		},
		{
			"from": [
				7.455,
				22.3,
				6.5
			],
			"to": [
				9.455,
				25.3,
				8.5
			],
			"faces": {
				"north": {
					"uv": [
						7,
						0,
						9,
						3
					],
					"texture": "#1"
				},
				"east": {
					"uv": [
						7,
						13,
						9,
						16
					],
					"texture": "#1"
				},
				"south": {
					"uv": [
						7,
						10,
						9,
						13
					],
					"texture": "#1"
				},
				"west": {
					"uv": [
						7,
						7,
						9,
						10
					],
					"texture": "#1"
				},
				"up": {
					"uv": [
						7,
						5,
						9,
						7
					],
					"texture": "#1"
				},
				"down": {
					"uv": [
						7,
						3,
						9,
						5
					],
					"texture": "#1"
				}
			}
		},
		{
			"from": [
				7.7,
				25,
				6.75
			],
			"to": [
				9.2,
				26.5,
				8.25
			],
			"faces": {
				"north": {
					"uv": [
						5.5,
						0,
						7,
						1.5
					],
					"texture": "#1"
				},
				"east": {
					"uv": [
						5.5,
						7.5,
						7,
						9
					],
					"texture": "#1"
				},
				"south": {
					"uv": [
						5.5,
						6,
						7,
						7.5
					],
					"texture": "#1"
				},
				"west": {
					"uv": [
						5.5,
						4.5,
						7,
						6
					],
					"texture": "#1"
				},
				"up": {
					"uv": [
						5.5,
						3,
						7,
						4.5
					],
					"texture": "#1"
				},
				"down": {
					"uv": [
						5.5,
						1.5,
						7,
						3
					],
					"texture": "#1"
				}
			}
		},
		{
			"from": [
				7.95,
				26.5,
				7
			],
			"to": [
				8.95,
				27.5,
				8
			],
			"faces": {
				"north": {
					"uv": [
						0,
						2,
						1,
						3
					],
					"texture": "#1"
				},
				"east": {
					"uv": [
						1,
						0,
						2,
						1
					],
					"texture": "#1"
				},
				"south": {
					"uv": [
						0,
						1,
						1,
						2
					],
					"texture": "#1"
				},
				"west": {
					"uv": [
						1,
						2,
						2,
						3
					],
					"texture": "#1"
				},
				"up": {
					"uv": [
						1,
						3,
						2,
						4
					],
					"texture": "#1"
				},
				"down": {
					"uv": [
						0,
						3,
						1,
						4
					],
					"texture": "#1"
				}
			}
		}
	],
	"display": {
		"thirdperson_righthand": {
			"translation": [
				-0.5,
				-4.25,
				0.75
			]
		},
		"thirdperson_lefthand": {
			"translation": [
				0.5,
				-4.25,
				0.75
			]
		},
		"firstperson_righthand": {
			"rotation": [
				-7,
				0,
				0
			],
			"translation": [
				0,
				-6,
				0.25
			]
		},
		"firstperson_lefthand": {
			"rotation": [
				-7,
				0,
				0
			],
			"translation": [
				0,
				-6,
				0.25
			]
		},
		"ground": {
			"rotation": [
				90,
				0,
				0
			],
			"translation": [
				0,
				0,
				-6
			]
		},
		"gui": {
			"rotation": [
				0,
				0,
				-45
			],
			"translation": [
				-3.5,
				-2.75,
				0
			],
			"scale": [
				1,
				0.7,
				1
			]
		},
		"fixed": {
			"rotation": [
				0,
				0,
				42
			],
			"translation": [
				2.25,
				-3.75,
				-0.5
			],
			"scale": [
				1,
				0.7,
				1
			]
		}
	}
}