{
	"credit": "Made by JustLian (www.justlian.com)",
	"texture_size": [32, 32],
	"textures": {
		"0": "./small_katana",
		"particle": "./small_katana"
	},
	"elements": [
		{
			"from": [7.1, 0, 7.1],
			"to": [8.9, 0.5, 8.9],
			"faces": {
				"north": {"uv": [8, 1.5, 9, 1.75], "texture": "#0"},
				"east": {"uv": [8, 1.5, 9, 1.75], "texture": "#0"},
				"south": {"uv": [8, 1.5, 9, 1.75], "texture": "#0"},
				"west": {"uv": [8, 1.5, 9, 1.75], "texture": "#0"},
				"up": {"uv": [5.5, 4, 4.5, 3], "texture": "#0"},
				"down": {"uv": [5.5, 4, 4.5, 5], "texture": "#0"}
			}
		},
		{
			"from": [7.35, 0.5, 7.35],
			"to": [8.65, 7.1, 8.65],
			"faces": {
				"north": {"uv": [0, 0, 0.75, 3.75], "texture": "#0"},
				"east": {"uv": [0, 0, 0.75, 3.75], "texture": "#0"},
				"south": {"uv": [0, 0, 0.75, 3.75], "texture": "#0"},
				"west": {"uv": [0, 0, 0.75, 3.75], "texture": "#0"},
				"up": {"uv": [7.75, 0.75, 7, 0], "texture": "#0"},
				"down": {"uv": [1.25, 7, 0.5, 7.75], "texture": "#0"}
			}
		},
		{
			"from": [7.25, 7, 7.25],
			"to": [8.75, 7.15, 8.75],
			"rotation": {"angle": 0, "axis": "y", "origin": [0, -1, 0]},
			"faces": {
				"north": {"uv": [8.5, 1, 9.25, 1.25], "texture": "#0"},
				"east": {"uv": [4.5, 8.5, 5.25, 8.75], "texture": "#0"},
				"south": {"uv": [8.5, 4.5, 9.25, 4.75], "texture": "#0"},
				"west": {"uv": [8.5, 5, 9.25, 5.25], "texture": "#0"},
				"up": {"uv": [7.75, 1.75, 7, 1], "texture": "#0"},
				"down": {"uv": [2.25, 7, 1.5, 7.75], "texture": "#0"}
			}
		},
		{
			"from": [7.05, 7.15, 7.05],
			"to": [8.95, 7.4, 8.95],
			"rotation": {"angle": 0, "axis": "y", "origin": [0, -1, 0]},
			"faces": {
				"north": {"uv": [8, 3.5, 9, 3.75], "texture": "#0"},
				"east": {"uv": [8, 4, 9, 4.25], "texture": "#0"},
				"south": {"uv": [4.5, 8, 5.5, 8.25], "texture": "#0"},
				"west": {"uv": [8, 6.5, 9, 6.75], "texture": "#0"},
				"up": {"uv": [6, 1, 5, 0], "texture": "#0"},
				"down": {"uv": [6, 1, 5, 2], "texture": "#0"}
			}
		},
		{
			"from": [7.25, 7.4, 7.55],
			"to": [8.75, 8.35, 8.45],
			"rotation": {"angle": 0, "axis": "y", "origin": [0, -1, 0]},
			"faces": {
				"north": {"uv": [7.5, 4.5, 8.25, 5], "texture": "#0"},
				"east": {"uv": [5, 2, 5.5, 2.5], "texture": "#0"},
				"south": {"uv": [7.5, 5, 8.25, 5.5], "texture": "#0"},
				"west": {"uv": [5, 2.5, 5.5, 3], "texture": "#0"},
				"up": {"uv": [8.25, 6, 7.5, 5.5], "texture": "#0"},
				"down": {"uv": [8.25, 6, 7.5, 6.5], "texture": "#0"}
			}
		},
		{
			"from": [8.1, 8.35, 7.725],
			"to": [8.4, 13.45, 8.25],
			"rotation": {"angle": 0, "axis": "y", "origin": [0, -1, 0]},
			"faces": {
				"north": {"uv": [5, 5, 5.25, 8], "texture": "#0"},
				"east": {"uv": [5.5, 2, 5.75, 5], "texture": "#0"},
				"south": {"uv": [4, 5.5, 4.25, 8.5], "texture": "#0"},
				"west": {"uv": [5.5, 5, 5.75, 8], "texture": "#0"},
				"up": {"uv": [9.25, 1.75, 9, 1.5], "texture": "#0"},
				"down": {"uv": [2.25, 9, 2, 9.25], "texture": "#0"}
			}
		},
		{
			"from": [7.35, 8.35, 7.8],
			"to": [8.65, 13.45, 8.2],
			"rotation": {"angle": 0, "axis": "y", "origin": [0, -1, 0]},
			"faces": {
				"north": {"uv": [0, 4, 0.75, 7], "texture": "#0"},
				"east": {"uv": [3.5, 4, 3.75, 7], "texture": "#0"},
				"south": {"uv": [4, 0, 4.75, 3], "texture": "#0"},
				"west": {"uv": [4.5, 5, 4.75, 8], "texture": "#0"},
				"up": {"uv": [9.25, 5.75, 8.5, 5.5], "texture": "#0"},
				"down": {"uv": [9.25, 6, 8.5, 6.25], "texture": "#0"}
			}
		},
		{
			"from": [7.4, 13.45, 7.85],
			"to": [8.65, 18.8, 8.175],
			"rotation": {"angle": 0, "axis": "y", "origin": [0, -1, 0]},
			"faces": {
				"north": {"uv": [1, 4, 1.75, 7], "texture": "#0"},
				"east": {"uv": [6, 0, 6.25, 3], "texture": "#0"},
				"south": {"uv": [2, 4, 2.75, 7], "texture": "#0"},
				"west": {"uv": [6, 3, 6.25, 6], "texture": "#0"},
				"up": {"uv": [9.25, 7.25, 8.5, 7], "texture": "#0"},
				"down": {"uv": [9.25, 7.5, 8.5, 7.75], "texture": "#0"}
			}
		},
		{
			"from": [8.1, 13.45, 7.8],
			"to": [8.4, 18.8, 8.225],
			"rotation": {"angle": 0, "axis": "y", "origin": [0, -1, 0]},
			"faces": {
				"north": {"uv": [6, 6, 6.25, 9], "texture": "#0"},
				"east": {"uv": [6.5, 0, 6.75, 3], "texture": "#0"},
				"south": {"uv": [3, 6.5, 3.25, 9.5], "texture": "#0"},
				"west": {"uv": [6.5, 3, 6.75, 6], "texture": "#0"},
				"up": {"uv": [9.25, 2.25, 9, 2], "texture": "#0"},
				"down": {"uv": [9.25, 2.5, 9, 2.75], "texture": "#0"}
			}
		},
		{
			"from": [7.55, 18.775, 7.9],
			"to": [8.65, 22.95, 8.125],
			"rotation": {"angle": 0, "axis": "y", "origin": [0, -1, 0]},
			"faces": {
				"north": {"uv": [3, 4, 3.5, 6.25], "texture": "#0"},
				"east": {"uv": [7, 2, 7.25, 4.25], "texture": "#0"},
				"south": {"uv": [4, 3, 4.5, 5.25], "texture": "#0"},
				"west": {"uv": [2.5, 7, 2.75, 9.25], "texture": "#0"},
				"up": {"uv": [9, 8.25, 8.5, 8], "texture": "#0"},
				"down": {"uv": [9, 8.5, 8.5, 8.75], "texture": "#0"}
			}
		},
		{
			"from": [7.725, 22.95, 7.925],
			"to": [8.65, 25.575, 8.1],
			"rotation": {"angle": 0, "axis": "y", "origin": [0, -2.9, 0]},
			"faces": {
				"north": {"uv": [6.5, 6, 7, 7.25], "texture": "#0"},
				"east": {"uv": [6.5, 7.5, 6.75, 8.75], "texture": "#0"},
				"south": {"uv": [0, 7, 0.5, 8.25], "texture": "#0"},
				"west": {"uv": [7.5, 6.5, 7.75, 7.75], "texture": "#0"},
				"up": {"uv": [9.5, 0.25, 9, 0], "texture": "#0"},
				"down": {"uv": [9.5, 0.5, 9, 0.75], "texture": "#0"}
			}
		},
		{
			"from": [8.45, 25.575, 8],
			"to": [8.65, 27.325, 8.025],
			"rotation": {"angle": 0, "axis": "y", "origin": [0, -2.9, 0]},
			"faces": {
				"north": {"uv": [2, 8, 2.25, 9], "texture": "#0"},
				"east": {"uv": [5.5, 8, 5.75, 9], "texture": "#0"},
				"south": {"uv": [8, 7, 8.25, 8], "texture": "#0"},
				"west": {"uv": [7.5, 8, 7.75, 9], "texture": "#0"},
				"up": {"uv": [5.25, 9.25, 5, 9], "texture": "#0"},
				"down": {"uv": [5.75, 9, 5.5, 9.25], "texture": "#0"}
			}
		},
		{
			"from": [7.95, 25.575, 8],
			"to": [8.45, 26.075, 8.025],
			"rotation": {"angle": 0, "axis": "y", "origin": [0, -2.9, 0]},
			"faces": {
				"north": {"uv": [9, 6.5, 9.25, 6.75], "texture": "#0"},
				"east": {"uv": [7.5, 9, 7.75, 9.25], "texture": "#0"},
				"south": {"uv": [8, 9, 8.25, 9.25], "texture": "#0"},
				"west": {"uv": [9, 8, 9.25, 8.25], "texture": "#0"},
				"up": {"uv": [8.75, 9.25, 8.5, 9], "texture": "#0"},
				"down": {"uv": [9.25, 8.5, 9, 8.75], "texture": "#0"}
			}
		},
		{
			"from": [8.15, 26.075, 8],
			"to": [8.45, 26.575, 8.025],
			"rotation": {"angle": 0, "axis": "y", "origin": [0, -2.9, 0]},
			"faces": {
				"north": {"uv": [9, 9, 9.25, 9.25], "texture": "#0"},
				"east": {"uv": [0, 9.5, 0.25, 9.75], "texture": "#0"},
				"south": {"uv": [9.5, 0, 9.75, 0.25], "texture": "#0"},
				"west": {"uv": [0.5, 9.5, 0.75, 9.75], "texture": "#0"},
				"up": {"uv": [9.75, 0.75, 9.5, 0.5], "texture": "#0"},
				"down": {"uv": [1.25, 9.5, 1, 9.75], "texture": "#0"}
			}
		},
		{
			"from": [8.35, 26.575, 8],
			"to": [8.45, 26.8, 8.025],
			"rotation": {"angle": 0, "axis": "y", "origin": [0, -2.9, 0]},
			"faces": {
				"north": {"uv": [9.5, 1, 9.75, 1.25], "texture": "#0"},
				"east": {"uv": [1.5, 9.5, 1.75, 9.75], "texture": "#0"},
				"south": {"uv": [9.5, 1.5, 9.75, 1.75], "texture": "#0"},
				"west": {"uv": [2, 9.5, 2.25, 9.75], "texture": "#0"},
				"up": {"uv": [9.75, 2.25, 9.5, 2], "texture": "#0"},
				"down": {"uv": [2.75, 9.5, 2.5, 9.75], "texture": "#0"}
			}
		},
		{
			"from": [7.75, 25.475, 7.975],
			"to": [7.95, 27.5, 8.05],
			"rotation": {"angle": -22.5, "axis": "z", "origin": [7.975, 25.575, 0]},
			"faces": {
				"north": {"uv": [8, 8, 8.25, 9], "texture": "#0"},
				"east": {"uv": [0, 8.5, 0.25, 9.5], "texture": "#0"},
				"south": {"uv": [8.5, 0, 8.75, 1], "texture": "#0"},
				"west": {"uv": [4, 8.5, 4.25, 9.5], "texture": "#0"},
				"up": {"uv": [6.25, 9.25, 6, 9], "texture": "#0"},
				"down": {"uv": [6.75, 9, 6.5, 9.25], "texture": "#0"}
			}
		},
		{
			"from": [8.075, 22.95, 7.875],
			"to": [8.4, 25.575, 8.15],
			"rotation": {"angle": 0, "axis": "y", "origin": [0, -2.9, 0]},
			"faces": {
				"north": {"uv": [8, 0, 8.25, 1.25], "texture": "#0"},
				"east": {"uv": [0.5, 8, 0.75, 9.25], "texture": "#0"},
				"south": {"uv": [1, 8, 1.25, 9.25], "texture": "#0"},
				"west": {"uv": [1.5, 8, 1.75, 9.25], "texture": "#0"},
				"up": {"uv": [9.25, 4.25, 9, 4], "texture": "#0"},
				"down": {"uv": [4.75, 9, 4.5, 9.25], "texture": "#0"}
			}
		},
		{
			"from": [8.075, 18.775, 7.85],
			"to": [8.4, 22.95, 8.175],
			"rotation": {"angle": 0, "axis": "y", "origin": [0, -1, 0]},
			"faces": {
				"north": {"uv": [3.5, 7, 3.75, 9.25], "texture": "#0"},
				"east": {"uv": [7, 4.5, 7.25, 6.75], "texture": "#0"},
				"south": {"uv": [7, 7, 7.25, 9.25], "texture": "#0"},
				"west": {"uv": [7.5, 2, 7.75, 4.25], "texture": "#0"},
				"up": {"uv": [9.25, 3.25, 9, 3], "texture": "#0"},
				"down": {"uv": [9.25, 3.5, 9, 3.75], "texture": "#0"}
			}
		}
	],
	"display": {
		"thirdperson_righthand": {
			"rotation": [0, -90, 0],
			"translation": [0, 2, 1.5]
		},
		"thirdperson_lefthand": {
			"rotation": [0, 90, 0],
			"translation": [0, 1, 1.5]
		},
		"firstperson_righthand": {
			"rotation": [0, -90, 0],
			"translation": [3, -0.25, 0]
		},
		"firstperson_lefthand": {
			"rotation": [0, 90, 0],
			"translation": [3.5, -0.75, 0]
		},
		"ground": {
			"rotation": [61, -141, 0],
			"translation": [1, 2, -6.25]
		},
		"gui": {
			"rotation": [0, 0, -47.5],
			"translation": [-4.25, -3.5, 0],
			"scale": [0.8, 0.8, 0.8]
		},
		"fixed": {
			"rotation": [0, 0, 43],
			"translation": [4.25, -4.25, -0.25],
			"scale": [0.8, 0.8, 0.8]
		}
	},
	"groups": [
		{
			"name": "handle",
			"origin": [8, 8, 8],
			"color": 0,
			"children": [0, 1, 2, 3, 4]
		},
		{
			"name": "blade",
			"origin": [8, 8, 8],
			"color": 0,
			"children": [5, 6, 7, 8, 9, 10, 11, 12, 13, 14, 15, 16, 17]
		}
	]
}