{
	"credit": "Made by JustLian (www.justlian.com)",
	"textures": {
		"0": "./slander",
		"particle": "./slander"
	},
	"elements": [
		{
			"from": [7, 0, 7.25],
			"to": [9, 1.5, 8.75],
			"faces": {
				"north": {"uv": [6, 0, 8, 2], "texture": "#0"},
				"east": {"uv": [6, 2, 8, 4], "texture": "#0"},
				"south": {"uv": [6, 4, 8, 6], "texture": "#0"},
				"west": {"uv": [6, 6, 8, 8], "texture": "#0"},
				"up": {"uv": [10, 2, 8, 0], "texture": "#0"},
				"down": {"uv": [10, 2, 8, 4], "texture": "#0"}
			}
		},
		{
			"from": [7, 6.5, 7.25],
			"to": [9, 7.2, 8.75],
			"faces": {
				"north": {"uv": [8, 6, 10, 7], "texture": "#0"},
				"east": {"uv": [8, 7, 10, 8], "texture": "#0"},
				"south": {"uv": [8, 8, 10, 9], "texture": "#0"},
				"west": {"uv": [8, 9, 10, 10], "texture": "#0"},
				"up": {"uv": [10, 6, 8, 4], "texture": "#0"},
				"down": {"uv": [8, 8, 6, 10], "texture": "#0"}
			}
		},
		{
			"from": [7.5, 7.2, 7.5],
			"to": [8.5, 23.1, 8.5],
			"faces": {
				"north": {"uv": [0, 0, 1, 16], "texture": "#0"},
				"east": {"uv": [0, 0, 1, 16], "texture": "#0"},
				"south": {"uv": [0, 0, 1, 16], "texture": "#0"},
				"west": {"uv": [0, 0, 1, 16], "texture": "#0"},
				"up": {"uv": [6, 12, 5, 11], "texture": "#0"},
				"down": {"uv": [6, 11, 5, 12], "texture": "#0"}
			}
		},
		{
			"from": [7.4, 1.5, 7.5],
			"to": [8.6, 6.5, 8.5],
			"faces": {
				"north": {"uv": [4, 0, 5, 5], "texture": "#0"},
				"east": {"uv": [4, 0, 5, 5], "texture": "#0"},
				"south": {"uv": [4, 0, 5, 5], "texture": "#0"},
				"west": {"uv": [4, 0, 5, 5], "texture": "#0"},
				"up": {"uv": [11, 10, 10, 9], "texture": "#0"},
				"down": {"uv": [11, 10, 10, 11], "texture": "#0"}
			}
		},
		{
			"from": [8.65, 21.4, 7.725],
			"to": [9.9, 22.2, 8.275],
			"faces": {
				"north": {"uv": [6, 11, 7, 12], "texture": "#0"},
				"east": {"uv": [7, 11, 8, 12], "texture": "#0"},
				"south": {"uv": [8, 11, 9, 12], "texture": "#0"},
				"west": {"uv": [9, 11, 10, 12], "texture": "#0"},
				"up": {"uv": [12, 10, 11, 9], "texture": "#0"},
				"down": {"uv": [11, 11, 10, 12], "texture": "#0"}
			}
		},
		{
			"from": [6.9, 21.6, 7.8],
			"to": [7.4, 22.2, 8.2],
			"faces": {
				"north": {"uv": [5, 12, 6, 13], "texture": "#0"},
				"east": {"uv": [12, 5, 13, 6], "texture": "#0"},
				"south": {"uv": [6, 12, 7, 13], "texture": "#0"},
				"west": {"uv": [12, 6, 13, 7], "texture": "#0"},
				"up": {"uv": [8, 13, 7, 12], "texture": "#0"},
				"down": {"uv": [13, 7, 12, 8], "texture": "#0"}
			}
		},
		{
			"from": [7.4, 21.6, 7.4],
			"to": [8.65, 22.2, 8.6],
			"faces": {
				"north": {"uv": [13, 1, 14, 2], "texture": "#0"},
				"east": {"uv": [13, 2, 14, 3], "texture": "#0"},
				"south": {"uv": [13, 3, 14, 4], "texture": "#0"},
				"west": {"uv": [4, 13, 5, 14], "texture": "#0"},
				"up": {"uv": [14, 5, 13, 4], "texture": "#0"},
				"down": {"uv": [6, 13, 5, 14], "texture": "#0"}
			}
		},
		{
			"from": [5.15, 21.45, 7.7],
			"to": [6.9, 22.25, 8.3],
			"faces": {
				"north": {"uv": [4, 10, 6, 11], "texture": "#0"},
				"east": {"uv": [8, 12, 9, 13], "texture": "#0"},
				"south": {"uv": [10, 4, 12, 5], "texture": "#0"},
				"west": {"uv": [12, 8, 13, 9], "texture": "#0"},
				"up": {"uv": [12, 6, 10, 5], "texture": "#0"},
				"down": {"uv": [8, 10, 6, 11], "texture": "#0"}
			}
		},
		{
			"from": [3.95, 21.15, 7.6],
			"to": [5.15, 22.15, 8.4],
			"faces": {
				"north": {"uv": [9, 12, 10, 13], "texture": "#0"},
				"east": {"uv": [12, 9, 13, 10], "texture": "#0"},
				"south": {"uv": [10, 12, 11, 13], "texture": "#0"},
				"west": {"uv": [12, 10, 13, 11], "texture": "#0"},
				"up": {"uv": [12, 13, 11, 12], "texture": "#0"},
				"down": {"uv": [13, 11, 12, 12], "texture": "#0"}
			}
		},
		{
			"from": [9.9, 21.275, 7.775],
			"to": [11.3, 22, 8.225],
			"faces": {
				"north": {"uv": [11, 10, 12, 11], "texture": "#0"},
				"east": {"uv": [11, 11, 12, 12], "texture": "#0"},
				"south": {"uv": [12, 0, 13, 1], "texture": "#0"},
				"west": {"uv": [12, 1, 13, 2], "texture": "#0"},
				"up": {"uv": [13, 3, 12, 2], "texture": "#0"},
				"down": {"uv": [13, 3, 12, 4], "texture": "#0"}
			}
		},
		{
			"from": [11.3, 21.175, 7.8],
			"to": [12.825, 21.775, 8.2],
			"faces": {
				"north": {"uv": [10, 6, 12, 7], "texture": "#0"},
				"east": {"uv": [12, 12, 13, 13], "texture": "#0"},
				"south": {"uv": [10, 7, 12, 8], "texture": "#0"},
				"west": {"uv": [13, 0, 14, 1], "texture": "#0"},
				"up": {"uv": [10, 11, 8, 10], "texture": "#0"},
				"down": {"uv": [12, 8, 10, 9], "texture": "#0"}
			}
		},
		{
			"from": [12.825, 21.075, 7.875],
			"to": [14.35, 21.475, 8.125],
			"faces": {
				"north": {"uv": [10, 0, 12, 1], "texture": "#0"},
				"east": {"uv": [4, 12, 5, 13], "texture": "#0"},
				"south": {"uv": [10, 1, 12, 2], "texture": "#0"},
				"west": {"uv": [12, 4, 13, 5], "texture": "#0"},
				"up": {"uv": [12, 3, 10, 2], "texture": "#0"},
				"down": {"uv": [12, 3, 10, 4], "texture": "#0"}
			}
		}
	],
	"display": {
		"thirdperson_righthand": {
			"rotation": [10, 90, 0],
			"translation": [0, 2.25, 1.75]
		},
		"firstperson_righthand": {
			"rotation": [0, 90, 0],
			"translation": [1, -1.25, 0]
		},
		"firstperson_lefthand": {
			"rotation": [0, -90, 0],
			"translation": [0.75, -1, 0]
		},
		"ground": {
			"rotation": [14, 23, 51],
			"translation": [3, 0, -1.25]
		}
	},
	"groups": [
		{
			"name": "handle",
			"origin": [8, 8, 8],
			"color": 0,
			"children": [0, 1, 2, 3]
		},
		{
			"name": "blade",
			"origin": [8, 8, 8],
			"color": 0,
			"children": [4, 5, 6, 7, 8, 9, 10, 11]
		}
	]
}