{
	"credit": "Made with Blockbench",
	"textures": {
		"0": "./big_sword",
		"particle": "./big_sword"
	},
	"elements": [
		{
			"from": [7, 29, 7],
			"to": [9, 30, 8],
			"faces": {
				"north": {"uv": [8.4, 0, 10, 0.8], "texture": "#0"},
				"east": {"uv": [8.4, 0, 9.2, 0.8], "texture": "#0"},
				"south": {"uv": [8.4, 0, 10, 0.8], "texture": "#0"},
				"west": {"uv": [8.4, 0, 9.2, 0.8], "texture": "#0"},
				"up": {"uv": [8.4, 0, 10, 0.8], "texture": "#0"},
				"down": {"uv": [8.4, 0, 10, 0.8], "texture": "#0"}
			}
		},
		{
			"from": [7, 0, 7],
			"to": [9, 4, 8],
			"faces": {
				"north": {"uv": [0, 0, 1.6, 3.2], "texture": "#0"},
				"east": {"uv": [1.6, 0, 2.4, 3.2], "texture": "#0"},
				"south": {"uv": [0, 0, 1.6, 3.2], "texture": "#0"},
				"west": {"uv": [1.6, 0, 2.4, 3.2], "texture": "#0"},
				"up": {"uv": [0, 0, 1.6, 0.8], "texture": "#0"},
				"down": {"uv": [0, 0, 1.6, 0.8], "texture": "#0"}
			}
		},
		{
			"from": [5, 4, 7],
			"to": [11, 5, 8],
			"faces": {
				"north": {"uv": [0, 4.2, 4.8, 5], "texture": "#0"},
				"east": {"uv": [0, 4.2, 0.8, 5], "texture": "#0"},
				"south": {"uv": [0, 4, 4.8, 4.8], "texture": "#0"},
				"west": {"uv": [0, 4.2, 0.8, 5], "texture": "#0"},
				"up": {"uv": [0, 4.2, 4.8, 5], "texture": "#0"},
				"down": {"uv": [0, 4.2, 4.8, 5], "texture": "#0"}
			}
		},
		{
			"from": [6, 5, 7],
			"to": [10, 29, 8],
			"faces": {
				"north": {"uv": [10, 0, 14, 14], "texture": "#0"},
				"east": {"uv": [13, 2, 13.8, 13], "texture": "#0"},
				"south": {"uv": [10, 0, 14, 14], "texture": "#0"},
				"west": {"uv": [13, 2, 13.8, 13], "texture": "#0"},
				"up": {"uv": [10, 0, 13.2, 0.8], "texture": "#0"},
				"down": {"uv": [10, 0, 13.2, 0.8], "texture": "#0"}
			}
		}
	],
	"display": {
		"thirdperson_righthand": {
			"rotation": [0, 90, 0],
			"translation": [0.75, 5.25, 1.5]
		},
		"thirdperson_lefthand": {
			"rotation": [0, 90, 0],
			"translation": [0.5, 5.25, 1.5]
		},
		"firstperson_righthand": {
			"rotation": [0, 89, 0],
			"translation": [3.25, -0.5, 0],
			"scale": [1, 1.36, 1]
		},
		"firstperson_lefthand": {
			"rotation": [0, 86, 0],
			"translation": [3.25, -0.5, 0],
			"scale": [1, 1.36, 1]
		},
		"ground": {
			"rotation": [65, 35, 16],
			"translation": [0, -0.25, 0],
			"scale": [1.2, 1.2, 1.2]
		},
		"gui": {
			"rotation": [0, 0, -44],
			"translation": [-1.5, -1.5, 0]
		},
		"fixed": {
			"rotation": [0, 0, 45],
			"translation": [1.5, -1.5, 0]
		}
	},
	"groups": [
		{
			"name": "group",
			"origin": [0, 0, 0],
			"color": 0,
			"children": [0, 1, 2, 3]
		}
	]
}